edwardmercer		pwdedwardmercer1234
laurenallen		pwdlaurenallen1234
sarahsmith		pwdsarahsmith1234
taralowe		pwdtaralowe1234
karatate		pwdkaratate1234
seanfowler		pwdseanfowler1234
cherylrodriguez		pwdcherylrodriguez1234
andreamckay		pwdandreamckay1234
alyssayates		pwdalyssayates1234
robinsloan		pwdrobinsloan1234
williamgriffith		pwdwilliamgriffith1234
jacobpacheco		pwdjacobpacheco1234
tammygray		pwdtammygray1234
erinweber		pwderinweber1234
davidcarson		pwddavidcarson1234
cherylwelch		pwdcherylwelch1234
rachelwilliams		pwdrachelwilliams1234
shannonruiz		pwdshannonruiz1234
edwardharrison		pwdedwardharrison1234
stephanieshea		pwdstephanieshea1234
drewcarter		pwddrewcarter1234
kennethrose		pwdkennethrose1234
tonyhernandez		pwdtonyhernandez1234
amyshaw		pwdamyshaw1234
mrs.tamarabrooksmd		pwdmrs.tamarabrooksmd1234
jefferynavarro		pwdjefferynavarro1234
davidsullivan		pwddavidsullivan1234
christophermartinez		pwdchristophermartinez1234
susancrawford		pwdsusancrawford1234
markwilliams		pwdmarkwilliams1234
douglasjenkins		pwddouglasjenkins1234
andrewspencer		pwdandrewspencer1234
lisagreen		pwdlisagreen1234
mr.markwise		pwdmr.markwise1234
kellywilliams		pwdkellywilliams1234
robertmurphy		pwdrobertmurphy1234
nathanjohns		pwdnathanjohns1234
daltonhoffman		pwddaltonhoffman1234
staceyflynn		pwdstaceyflynn1234
christopherowens		pwdchristopherowens1234
roycastro		pwdroycastro1234
amybender		pwdamybender1234
kelseysimmons		pwdkelseysimmons1234
mr.coreysinghphd		pwdmr.coreysinghphd1234
elizabethbeltran		pwdelizabethbeltran1234
edwardwilliamson		pwdedwardwilliamson1234
michellelee		pwdmichellelee1234
jacobrasmussen		pwdjacobrasmussen1234
eileenpeterson		pwdeileenpeterson1234
dannywells		pwddannywells1234
